type;marque_ou_nom;url;angle;contact;poste;email;signal_observe;date_envoi;relance1;relance2;reponse;appel;montant_discute;notes
email;;;A;;;;;;;;;;;
email;;;A;;;;;;;;;;;
email;;;A;;;;;;;;;;;
email;;;A;;;;;;;;;;;
email;;;A;;;;;;;;;;;
email;;;A;;;;;;;;;;;
email;;;A;;;;;;;;;;;
email;;;A;;;;;;;;;;;
email;;;A;;;;;;;;;;;
email;;;A;;;;;;;;;;;
email;;;A;;;;;;;;;;;
email;;;A;;;;;;;;;;;
email;;;A;;;;;;;;;;;
email;;;A;;;;;;;;;;;
email;;;A;;;;;;;;;;;
email;;;B;;;;;;;;;;;
email;;;B;;;;;;;;;;;
email;;;B;;;;;;;;;;;
email;;;B;;;;;;;;;;;
email;;;B;;;;;;;;;;;
email;;;B;;;;;;;;;;;
email;;;B;;;;;;;;;;;
email;;;B;;;;;;;;;;;
email;;;B;;;;;;;;;;;
email;;;B;;;;;;;;;;;
email;;;B;;;;;;;;;;;
email;;;B;;;;;;;;;;;
email;;;B;;;;;;;;;;;
email;;;B;;;;;;;;;;;
email;;;B;;;;;;;;;;;
reseau;;;;;;;;;;;;;;
reseau;;;;;;;;;;;;;;
reseau;;;;;;;;;;;;;;
reseau;;;;;;;;;;;;;;
reseau;;;;;;;;;;;;;;
