priorite;type;nom;ville;site;domaine_a_verifier;taille;specialite;contact_a_viser;signal;email;statut;date_envoi;relance;reponse;notes
1;Intégrateur ERP;Scalizer;Nantes, France;scalizer.fr;;50-100;Odoo Gold, connecteurs, PME/ETI;Head of ERP practice;Page connecteur Odoo-Shopify;contact@scalizer.fr;à envoyer;;;;Format probable : prenom@scalizer.fr
1;Intégrateur ERP;Ouiddoo;Angers, France;ouiddoo.fr;;20-40;Odoo Silver, connecteurs API;CTO / responsable développement;Page connecteurs qui cite Shopify;;à envoyer;;;;
1;Intégrateur ERP;Sync Logic;France;sync-logic.com;;5-20;Intégrateur Odoo, marques retail;Fondateur;Page connecteur Shopify dédiée;;à envoyer;;;;
1;Intégrateur ERP;Kiwik;Lille, France;kiwik.com;;30-50;Agence e-commerce, connecteurs Sage/EBP/Divalto;Directeur technique;Page connecteurs ERP;;à envoyer;;;;
1;Intégrateur ERP;Altaïsweb;France;altaisweb.fr;;10-30;Intégrateur EBP et Divalto, e-commerce;Responsable e-commerce;Page connecteurs gestion;;à envoyer;;;;
1;Intégrateur ERP;WebXY;France;webxy.com;;10-30;Partenaire Cegid, Sage 100, Shopify;Directeur technique;Connecteur XY-Connect Sage-Shopify;;à envoyer;;;;
1;Intégrateur ERP;Spiriit;Montpellier, France;spiriit.com;;30-60;Agence Shopify, intégration Divalto;Directeur technique;Ressource Divalto-Shopify;;à envoyer;;;;Format probable : prenom.nom (agrégateur)
1;Intégrateur ERP;Soledis (SoConnector);Rennes, France;soledis.com;;20-50;Connecteurs Sage X3/Divalto, e-commerce;Responsable SoConnector;Page connecteurs ERP Shopify;;à envoyer;;;;
1;Intégrateur ERP;ADSI (Parthena);France;adsi-group.com;;50-100;Sage X3 Platinum, mobilité, e-commerce;Directeur e-commerce;Éditeur e-commerce pour Sage X3;;à envoyer;;;;
1;Intégrateur ERP;Groupe SYD;Nantes, France;syd.fr;;500+;Business Central, B2B, multi-entrepôts;Manager Business Central;Article sur BC et Shopify 2026;;à envoyer;;;;
1;Intégrateur ERP;CAP Vision;France;capvision.fr;;20-50;Business Central, e-commerce;Directeur commercial;Page BC pour l'e-commerce;;à envoyer;;;;
1;Intégrateur ERP;E-connect (EBP);France;ebp.com;;5-20;Éditeur partenaire EBP, connecteur e-commerce;Responsable partenariats;Connecteur EBP incluant Shopify;;à envoyer;;;;
1;Intégrateur ERP;Columbus;France;columbusglobal.com;oui;1000+;Dynamics 365/BC, partenaire Shopify;Head of Digital Commerce;Page partenaire d'intégration Shopify;epu@fr.columbusit.com;à envoyer;;;;
1;Intégrateur ERP;Dynapps;Geel, Belgique;dynapps.be;;150+;Odoo Gold, e-commerce;Head of Development;Article sur l'intégration Odoo-Shopify;info@dynapps.be;à envoyer;;;;Format probable : prenom.nom@dynapps.be
1;Intégrateur ERP;OBS Solutions;Belgique;odoo-bs.com;;50-100;Odoo Gold, PME;Managing Director;Page intégration Odoo Shopify;;à envoyer;;;;
1;Intégrateur ERP;Eezee-IT;Wavre, Belgique;eezee-it.com;;50-100;Odoo Gold depuis 2010;CTO;Page connecteur Shopify-Odoo;maxime.vanacker@eezee-it.com;à envoyer;;;;Format probable : prenom.nom@eezee-it.com
1;Intégrateur ERP;Synvio;Damme, Belgique;synvio.be;;10-30;Odoo Silver, caisse, webshops;Zaakvoerder (gérant);Webshops Shopify intégrés à Odoo;;à envoyer;;;;
1;Intégrateur ERP;Tinx-IT;Belgique;tinx-it.com;oui;20-50;Business Central, Shopify;Head of Consultancy;Article Shopify-Business Central;;à envoyer;;;;
1;Agence Shopify;Dedi Agency;Lyon;dedi-agency.com;;20-50;Shopify Plus, sur-mesure, B2B/B2C;CTO / directeur technique;Partenaire Shopify Plus, fonctionnalités sur mesure;;à envoyer;;;;
1;Agence Shopify;Novius;Lyon / Paris / Annecy;novius.com;;30-60;B2B, Shopify Plus, projets techniques;Directeur technique;Projets B2B et Plus techniques;contact@novius.com;à envoyer;;;;
1;Agence Shopify;Calliweb;Lyon;calliweb.fr;;20-40;Apps sur mesure, intégrations, Plus;Lead dev / CTO;Apps sur mesure et intégrations tierces;;à envoyer;;;;
1;Agence Shopify;Digital Unicorn;Lyon / Paris;digitalunicorn.fr;;20-50;Sur-mesure, apps custom sur Plus;CTO;Création d'apps sur Plus;;à envoyer;;;;Format probable : prenom.nom@digitalunicorn.fr (agrégateur)
1;Agence Shopify;Pikka;Bordeaux / Paris;pikka.fr;;5-15;Shopify Plus, POS, CRO;Fondateur;Partenaire Plus, petite équipe;;à envoyer;;;;
1;Agence Shopify;Ultrō;Bordeaux;ultro.fr;;10-30;Headless Hydrogen, Plus;CTO;Spécialiste Hydrogen;;à envoyer;;;;
1;Agence Shopify;ID Interactive;Paris;id-interactive.fr;;10-30;Headless Next.js, apps privées, Checkout Extensibility;CTO;Mentionne Checkout Extensibility et apps privées;;à envoyer;;;;
1;Agence Shopify;Tamara Agency;Paris / Toulouse / Lyon;tamaragency.com;;20-40;Shopify Plus, beauté, abonnements;Directeur technique;Partenaire Plus;hello@tamaragency.com;à envoyer;;;;
1;Agence Shopify;Rainbow;Zillisheim, Alsace;rainbow-studio.net;;15-30;Shopify Plus;Responsable technique;Partenaire Plus depuis 2015;;à envoyer;;;;
1;Agence Shopify;E-LIXIR;Paris (NV);e-lixir.fr;oui;20-50;Plus B2B, ERP, CRO;Directeur technique;Plus B2B et intégrations ERP;;à envoyer;;;;
1;Agence Shopify;Nuances;Paris;nuances.builders;;10-30;Hydrogen headless;CTO;Développement Hydrogen;;à envoyer;;;;
1;Agence Shopify;code.store;Paris;code.store;;50-249;Dev, apps Shopify, plateforme;Head of Delivery;Top développeurs Shopify Clutch;contact@code.store;à envoyer;;;;
1;Agence Shopify;Human After All;Paris;humanafterall.ca;;30-80;B2B Plus, PIM Akeneo;Directeur Paris;B2B Plus et PIM;;à envoyer;;;;
1;Agence Shopify;Cosmiweb;France;cosmiweb.fr;oui;5-20;Dev e-commerce;Gérant;Publie des missions Shopify freelance;;à envoyer;;;;
1;Agence Shopify;Dn'D;Paris / Montpellier / Lille / Nantes / Lyon;dnd.fr;;100-150;Plus, intégrations, multi-plateforme;Directeur technique;Partenaire Plus certifié;;à envoyer;;;;Format probable : prenom.nom@dnd.fr (agrégateur)
1;Agence Shopify;Synolia;Lyon / Paris;synolia.com;;150+;Shopify, intégration CRM/ERP;Practice lead Shopify;Intégrateur orienté intégrations;contact@synolia.com;à envoyer;;;;
1;Agence Shopify;Agence Retis;Brussels, Belgium;agence-retis.be;oui;10-20;Agence Shopify, stratégie et création e-commerce BE/LU/FR;Directeur / fondateur;Shopify partner, covers BE+LU, French-speaking;;à envoyer;;;;
1;Agence Shopify;DigiFist;Antwerp, Belgium;digifist.com;;20-50;Agence Shopify Plus, développement custom et intégrations;CTO / Lead developer;Shopify Plus partner, integration focus;;à envoyer;;;;
1;Agence Shopify;Radikal;Antwerp, Belgium;radikal.be;;20-50;Agence Shopify Plus Platinum, headless et migrations;Head of Development;Shopify Platinum partner, enterprise builds;;à envoyer;;;;
1;Agence Shopify;Dynamate;Ghent, Belgium;dynamate.be;;10-30;Intégrateur Shopify, connexions stock/compta/PIM;Technical lead;System integrator (ERP/stock links);;à envoyer;;;;
1;Agence Shopify;YourStoreMatters;Belgium;yourstorematters.com;;10-20;Agence Shopify, intégrations et automatisations;Founder / Project lead;Top-rated BE Shopify partner, 300+ builds;;à envoyer;;;;
1;Agence Shopify;dear digital;Belgium;deardigital.com;;20-50;Agence Shopify Premier, enterprise et headless;Tech lead;Shopify Premier partner;;à envoyer;;;;Format probable : prenom@deardigital.com (agrégateur)
1;Cabinet / plateforme freelance;Hays Belgium / France;Brussels, Belgium;hays.be;;1000+;Cabinet recrutement IT, contracting;IT contracting consultant;Places freelances (NV);;à envoyer;;;;
1;Cabinet / plateforme freelance;Harvey Nash Belgium;Brussels, Belgium;harveynash.be;;500+;Cabinet IT, placement freelance;IT freelance recruiter;Places freelances (NV);;à envoyer;;;;
1;Cabinet / plateforme freelance;Malt Strategy (Malt);Paris, France;malt.fr;;500+;Plateforme freelance, offre grands comptes;Account manager tech;Plateforme freelance (NV);;à envoyer;;;;
1;Cabinet / plateforme freelance;Crème de la Crème;Paris, France;cremedelacreme.io;;50-100;Collectif / plateforme freelance tech;Talent manager dev;Plateforme freelance (NV);;à envoyer;;;;
1;Cabinet / plateforme freelance;Comet;Paris, France;comet.co;;50-100;Plateforme freelance tech;Talent manager développement;Plateforme freelance (NV);;à envoyer;;;;
1;Cabinet / plateforme freelance;LeHibou;Bordeaux, France;lehibou.com;;50-100;Plateforme freelance IT;Business manager;Plateforme freelance (NV);;à envoyer;;;;Format probable : prenom.nom@lehibou.com (agrégateur)
1;Cabinet / plateforme freelance;Cherry Pick;Paris, France;cherry-pick.io;;20-50;Plateforme freelance IT;Account manager;Plateforme freelance (NV);;à envoyer;;;;
2;Intégrateur ERP;Apik;Vannes, France;apik.fr;;40-50;Odoo Gold, logistique, e-commerce, POS;Directeur technique;Orientation e-commerce, dev interne;;à envoyer;;;;
2;Intégrateur ERP;Dasolo;France;dasolo.ai;;5-20;Partenaire Odoo, connecteur Shopify;Fondateur;Publie un connecteur Odoo-Shopify (concurrent ou partenaire);;à envoyer;;;;
2;Intégrateur ERP;Nalios;Lille, France;nalios.com;;50+;Odoo Gold, retail, distribution;Directeur d'agence Lille/Paris;450+ projets, verticale retail;;à envoyer;;;;
2;Intégrateur ERP;Hub4commerce;France;hub4commerce.com;;5-20;ETL e-commerce, connecteur Divalto;Fondateur;ETL Divalto-Shopify (concurrent ou partenaire);;à envoyer;;;;
2;Intégrateur ERP;Atoo Next;France;atoo-next.net;;5-20;Éditeur connecteurs Sage (Atoo-Sync);Responsable technique;Outils de synchro Sage e-commerce;;à envoyer;;;;
2;Intégrateur ERP;Absys Cyborg;France;absyscyborg.com;;500+;Business Central, Sage X3, distribution;Responsable practice Business Central;350+ projets BC;;à envoyer;;;;
2;Intégrateur ERP;VISEO;Paris, France;viseo.com;;1000+;Cegid Y2/Orli, retail, luxe;Directeur practice Retail;Offre commerce unifié;;à envoyer;;;;
2;Intégrateur ERP;Timsoft;France;timsoft.fr;oui;50-100;Cegid retail, mode;Directeur practice Cegid;1 600 projets Cegid;;à envoyer;;;;
2;Intégrateur ERP;COD4IS;France;cod4is.com;;20-50;Partenaire Cegid Y2, retail, caisse;Directeur technique;Commerce unifié retail;;à envoyer;;;;
2;Intégrateur ERP;Alternetis;France;alternetis.fr;;5-20;Éditeur connecteur Sage 100;Gérant;Connecteur Sage e-commerce;;à envoyer;;;;
2;Intégrateur ERP;MySolutionConnect;France;mysolutionconnect.com;;5-20;Middleware Sage 100 (Open-Flux);Responsable technique;Middleware Sage e-commerce;;à envoyer;;;;
2;Intégrateur ERP;DataFirefly;France;datafirefly.com;;5-15;Connecteurs Cegid Retail Y2;Fondateur;Connecteur Cegid-WooCommerce, pourrait ajouter Shopify;;à envoyer;;;;
2;Intégrateur ERP;ERP Partner;Belgique;odoopartner.com;oui;10-30;Odoo Gold;Managing Director;Apparaît sur Odoo-Shopify;;à envoyer;;;;
2;Intégrateur ERP;Acsone;Louvain-la-Neuve, Belgique;acsone.eu;;50-100;Odoo Gold, gros contributeur OCA;Technical Director;Connecteurs OCA;;à envoyer;;;;
2;Intégrateur ERP;DPHI;Belgique;dphi.be;oui;20-50;Odoo Gold, distribution, alimentaire;Managing Director;Verticale distribution;;à envoyer;;;;
2;Intégrateur ERP;Walto;Waterloo, Belgique;walto.be;oui;5-20;Odoo, retail, e-commerce, intégrations;Fondateur;Met en avant e-commerce et intégrations;;à envoyer;;;;
2;Intégrateur ERP;Accomodata;Renaix, Belgique;accomodata.be;;30-60;Odoo Silver, webshop;Odoo Team Lead;Webshop relié au back-office;;à envoyer;;;;
2;Intégrateur ERP;IBGraf / By-Doo;Wallonie, Belgique;ibgraf.com;;20-50;Intégrateur Odoo;Responsable By-Doo;Odoo à Liège, Mons, Namur, Wavre;;à envoyer;;;;
2;Agence Shopify;Webqam;Saint-Étienne / Lyon;webqam.fr;;20-40;Shopify Plus, dev;Directeur technique;Partenaire Shopify Plus;;à envoyer;;;;
2;Agence Shopify;Petithack;Paris;petithack.com;;10-30;Shopify Plus, dev;CTO;Page partenaire Shopify Plus;;à envoyer;;;;
2;Agence Shopify;Moon Moon;Nantes;moon-moon.fr;;15;Migration, CRO, Klaviyo;Fondateur;80+ refontes;;à envoyer;;;;
2;Agence Shopify;Hello Pomelo;Paris;hellopomelo.com;oui;150;E-commerce full service, Plus;Head of Tech;Multi-villes, 150 personnes;;à envoyer;;;;
2;Agence Shopify;Ryse Agency;Paris;ryse-agency.fr;;5-20;Shopify Plus;Fondateur;Page partenaire Plus;;à envoyer;;;;
2;Agence Shopify;The Oz;Paris;theoz.fr;oui;5-15;Création Shopify;Fondateur;Classée top 10;;à envoyer;;;;
2;Agence Shopify;And After;France;andafter.fr;oui;20-50;Multi-plateforme Shopify/Magento;CTO;Agence multi-stack;;à envoyer;;;;
2;Agence Shopify;Pure Illusion;Annecy;pure-illusion.com;oui;10-30;E-commerce, Shopify;Directeur technique;Classée top 30;;à envoyer;;;;
2;Agence Shopify;Kernix;Paris;kernix.com;;30-60;Dev, data, e-commerce;Directeur technique;Top e-commerce Clutch;;à envoyer;;;;
2;Agence Shopify;CyberFox Agency;Paris;cyberfox.fr;oui;5-20;Dev e-commerce (65 % Shopify);Fondateur;Listée Clutch;;à envoyer;;;;
2;Agence Shopify;Meelz Agency;Paris;meelz.fr;oui;5-20;100 % Shopify;Fondateur;Listée Clutch;;à envoyer;;;;
2;Agence Shopify;Theodo;Paris;theodo.com;;150+;Headless Hydrogen, dev;Head of Commerce practice;Contenus Hydrogen;;à envoyer;;;;
2;Agence Shopify;Agence Liquid;Toulouse;agence-liquid.fr;;5-15;Shopify Plus, CRO;Fondateur;Plus et CRO;;à envoyer;;;;
2;Agence Shopify;Smartshift;Toulouse;smartshift.fr;;5-15;Migration, structuration Plus;Fondateur;Migrations et Plus;;à envoyer;;;;
2;Agence Shopify;Walt;Annecy;walt.digital;;10-30;Partenaire Shopify, e-commerce;Directeur technique;Partenaire certifié;;à envoyer;;;;
2;Agence Shopify;Studio Zerance;Paris;zerance.fr;oui;10-20;Shopify depuis 2016;Fondateur;Bien classée à Paris;;à envoyer;;;;
2;Agence Shopify;Lynx Business;Paris;lynx-business.fr;oui;5-20;Développement web;Fondateur;Orientée dev;;à envoyer;;;;
2;Agence Shopify;Gradiweb;Boulogne-Billancourt;gradiweb.com;;30-80;Shopify haut de gamme, UX;Directeur technique;Grandes marques depuis 2014;;à envoyer;;;;
2;Agence Shopify;Mayasquad;Paris;mayasquad.com;oui;10-30;Apps mobiles, dev;CTO;Pourrait prendre du travail d'app;;à envoyer;;;;
2;Agence Shopify;AgenceShop;France;agenceshop.fr;;5-15;Création Shopify;Fondateur;Page dev freelance;;à envoyer;;;;
2;Agence Shopify;Antadis;Paris;antadis.com;;20-50;Shopify Plus, UX/CRO;Directeur technique;Agence Shopify et Plus;;à envoyer;;;;
2;Agence Shopify;Kopstorm;Mortsel (Antwerp), Belgium;kopstorm.be;;10-30;Agence Shopify Premier, volume et maintenance;Operations / Dev lead;Shopify Premier partner, high volume;;à envoyer;;;;
2;Agence Shopify;ClickForest;Belgium;clickforest.com;;10-20;Agence Shopify, CRO et personnalisation technique;Founder;Shopify partner, active content;;à envoyer;;;;
2;Agence Shopify;Weichie;Brussels, Belgium;weichie.com;;10-20;Agence web e-commerce, dev web/mobile;Founder / Lead dev;E-commerce dev agency, Brussels;;à envoyer;;;;
2;Agence Shopify;Epic Web Service;Geneva, Switzerland;epicwebservice.com;oui;10-50;Agence Shopify / Shopify Plus;Project manager;Shopify Plus services in Geneva/Lausanne;;à envoyer;;;;
2;Agence Shopify;Egency;Valais, Switzerland;egency.ch;;<10;Agence Shopify Romandie;Fondateur;Shopify Geneva landing page;;à envoyer;;;;
2;Agence Shopify;Geekworkers;Lausanne, Switzerland;geekworkers.ch;;10-20;Agence digitale, création/personnalisation Shopify;Directeur / Lead dev;Shopify customization for Swiss SMEs;;à envoyer;;;;
2;Agence Shopify;Eshop Promotion SARL;Luxembourg, Luxembourg;eshop-promotion.lu;oui;<10;Agence web e-commerce, dev sur mesure;Gérant;Luxembourg e-commerce agency;;à envoyer;;;;
2;Agence Shopify;Lamour du Shop;France (BE/LU/CH);lamourdushop.com;oui;20-50;Agence Shopify Select partner;Lead developer / CTO;Shopify Select partner covering LU/CH/BE;;à envoyer;;;;
2;Cabinet / plateforme freelance;Nigel Frank International (Tenth Revolution Group);Paris, France;nigelfrank.com;;1000+;Cabinet recrutement IT, freelance et CDI;Business manager e-commerce;Places freelances (NV);;à envoyer;;;;
2;Cabinet / plateforme freelance;Michael Page Technology;Paris, France;michaelpage.fr;;1000+;Cabinet recrutement, IT intérim/freelance;Consultant IT freelance;Places contractors (NV);;à envoyer;;;;
2;Cabinet / plateforme freelance;Freelance Republik;Paris, France;freelancerepublik.com;;<50;Plateforme freelance tech;Talent manager;Plateforme freelance (NV);;à envoyer;;;;
2;Cabinet / plateforme freelance;Silkhom;Lyon, France;silkhom.com;;20-50;Cabinet recrutement IT, freelance et CDI;Consultant e-commerce/dev;Places freelances (NV);;à envoyer;;;;
2;Cabinet / plateforme freelance;Mobiskill;Paris, France;mobiskill.fr;;20-50;Cabinet recrutement tech, freelance;Consultant tech;Places freelances (NV);;à envoyer;;;;
2;Cabinet / plateforme freelance;Club Freelance;Paris, France;club-freelance.com;;20-50;Cabinet placement freelance IT;Business manager;Places freelances (NV);;à envoyer;;;;
2;Cabinet / plateforme freelance;Freelance.com;Paris, France;freelance.com;;500+;Plateforme freelance grands comptes;Business manager IT;Places freelances (NV);;à envoyer;;;;
2;Cabinet / plateforme freelance;Hiway;Paris, France;hiway.fr;;20-50;Plateforme freelance IT/data;Account manager;Places freelances (NV);;à envoyer;;;;
3;Intégrateur ERP;Irokoo;Paris, France;irokoo.fr;;30-40;Odoo Gold, industrie, MRP;Directeur associé;Bien classé, orientation industrie;;à envoyer;;;;
3;Intégrateur ERP;Nexsens;Toulouse, France;nexsens.fr;oui;10-30;Intégrateur Odoo, PME/ETI;Gérant;Multi-sites;;à envoyer;;;;
3;Intégrateur ERP;Jaikin;France;jaikin.eu;oui;5-15;Conseil Odoo;Fondateur;Contenu sur le choix d'un intégrateur;;à envoyer;;;;
3;Intégrateur ERP;OpenFire;Rennes, France;openfire.fr;oui;20-50;Éditeur basé sur Odoo;Directeur technique;Éditeur vertical;;à envoyer;;;;
3;Intégrateur ERP;Groupe Prog'Info;France;groupe-proginfo.com;;100+;Sage Platinum, Sage X3, Divalto;Directeur de projets;Sage X3/100 et Divalto pour PME/ETI;;à envoyer;;;;
3;Intégrateur ERP;Koesio;Valence, France;koesio.com;;1000+;Sage Platinum;Responsable pôle Sage;Grand réseau Sage;;à envoyer;;;;
3;Intégrateur ERP;Altaïs (Tout pour la gestion);France;tout-pour-la-gestion.com;;20-50;Sage 100 Platinum;Gérant;30 ans de Sage 100;;à envoyer;;;;
3;Intégrateur ERP;Integrasoft;France;integrasoft.fr;;20-50;Sage X3 Platinum;Directeur technique;Spécialiste Sage X3;;à envoyer;;;;
3;Intégrateur ERP;Parthena Consultant;France;parthena.com;;100+;Sage Diamond, Sage 100/X3;Directeur des opérations;Plus haut niveau Sage;;à envoyer;;;;
3;Intégrateur ERP;Apogea;France;apogea.fr;;200+;Sage X3, négoce, industrie;Directeur practice X3;Référence Sage X3 négoce;;à envoyer;;;;
3;Intégrateur ERP;Isatech;Bretagne, France;isatech.fr;;100-200;Dynamics NAV / Business Central;Directeur technique;Partenaire Microsoft;;à envoyer;;;;
3;Intégrateur ERP;Talan;Paris, France;talan.com;;1000+;Sage X3, ETI internationales;Directeur practice ERP;Grand cabinet;;à envoyer;;;;
3;Intégrateur ERP;Visiativ;Lyon, France;visiativ.com;;1000+;Sage X3, industrie;Directeur BU ERP;ERP industrie;;à envoyer;;;;
3;Intégrateur ERP;SimplicIT;Belgique;simplicit.be;oui;20-50;Odoo Gold, mutuelles;Managing Director;Partenaire Gold;;à envoyer;;;;
3;Intégrateur ERP;Binteg;Belgique;binteg.be;oui;5-20;Partenaire Odoo;Gérant;Partenaire Odoo;;à envoyer;;;;
3;Intégrateur ERP;EVATO;Belgique;evato.be;oui;10-30;Odoo Silver;Managing Director;141 références;;à envoyer;;;;
3;Intégrateur ERP;Appalach;Belgique;appalach.be;oui;10-30;Odoo Silver;Managing Director;Partenaire Silver;;à envoyer;;;;
3;Intégrateur ERP;NSI IT Software & Services;Belgique;nsi-sa.be;oui;200+;Odoo Silver;Business Unit Manager ERP;Grande ESN;;à envoyer;;;;
3;Intégrateur ERP;Guidoo;Braine-l'Alleud, Belgique;guidoo.be;oui;5-20;Odoo Silver;Gérant;Partenaire Silver;;à envoyer;;;;
3;Intégrateur ERP;Metrum Belgium;Belgique;metrum.lu;oui;20-50;Odoo Silver (Gold au Luxembourg);Country Manager BE;Belgique et Luxembourg;;à envoyer;;;;
3;Agence Shopify;Alioze;Paris;alioze.com;;30-80;Création Shopify, marketing;Directeur de production;Réseau multi-villes;;à envoyer;;;;
3;Agence Shopify;Studio Seja;Strasbourg;studio-seja.fr;oui;2-10;Création boutique;Fondateur;Jeune agence;;à envoyer;;;;
3;Agence Shopify;Citron Noir;Montpellier;citron-noir.fr;oui;10-20;Communication, Shopify;Directeur;Propose Shopify;;à envoyer;;;;
3;Agence Shopify;Optify;Lyon;optify.fr;oui;5-10;Design, Shopify/Webflow;Fondateur;Jeune agence créa;;à envoyer;;;;
3;Agence Shopify;Natural Net;Bordeaux;natural-net.fr;;6;Création Shopify;Gérant;Petite équipe;;à envoyer;;;;
3;Agence Shopify;Agence KNR;Lyon / Paris;agence-knr.com;oui;10-30;Luxe, mode, cosmétique;Fondateur;Partenaire Shopify;;à envoyer;;;;
3;Agence Shopify;Label Agency;France;label-agency.fr;;5-15;Partenaire Shopify;Fondateur;Partenaire Shopify;;à envoyer;;;;
3;Agence Shopify;Oscar Black;France;oscar-black.com;;5-20;Shopify, marketing;Fondateur;Agence Shopify;;à envoyer;;;;
3;Agence Shopify;Limbus Studio;France;limbusstudio.com;oui;10-30;Design et dev;Fondateur;Listée Clutch;;à envoyer;;;;
3;Agence Shopify;Kaipi Fraise;Bordeaux;kaipifraise.com;oui;5-15;Création Shopify;Fondateur;Agence bordelaise;;à envoyer;;;;
3;Agence Shopify;Webesencia;Bordeaux;webesencia.com;oui;5-15;E-commerce;Fondateur;Agence bordelaise;;à envoyer;;;;
3;Agence Shopify;Yateo;Paris;yateo.com;oui;10-30;SEO et Shopify;Directeur;Agence parisienne;;à envoyer;;;;
3;Agence Shopify;KISS Consulting;Belgium;kissconsulting.be;oui;<10;Agence Shopify PME;Founder;Listed among Belgian Shopify agencies;;à envoyer;;;;
3;Agence Shopify;Studio Emma;Belgium;studioemma.com;oui;20-50;Agence e-commerce, data et commerce digital;Head of Tech;E-commerce agency (Shopify not confirmed);;à envoyer;;;;
3;Agence Shopify;Upthrust;Ghent, Belgium;upthrust.eu;oui;20-50;Agence digitale, produits digitaux et growth;Tech lead;Digital product builder (Shopify not confirmed);;à envoyer;;;;
3;Agence Shopify;Mivelaz Consulting;Romandie, Switzerland;mivelaz-consulting.ch;;<10;Agence Shopify PME;Fondateur;50+ Shopify projects in Romandie;;à envoyer;;;;
3;Cabinet / plateforme freelance;Itecor;Geneva / Brussels;itecor.com;oui;200+;Conseil IT / ESN;Business manager;Placement freelance non confirmé;;à envoyer;;;;
3;Cabinet / plateforme freelance;Externatic;Nantes, France;externatic.fr;;20-50;Cabinet recrutement IT;Consultant dev web;Surtout CDI (NV);;à envoyer;;;;
3;Cabinet / plateforme freelance;Kicklox;Paris, France;kicklox.com;oui;20-50;Plateforme freelance tech;Business developer;Statut à vérifier;;à envoyer;;;;
